Name,image
Adopt our Manja Ella,https://images.t2u.io/upload/event/section/19cfe43e-2638-453c-96b8-023c33749342.jpeg
Adopt our Jati,https://images.t2u.io/upload/event/section/c7f876d3-d3c4-400c-827b-e74b2e2e8301.jpeg
Adopt our Apoh,https://images.t2u.io/upload/event/section/0c87db9e-7a67-4f5b-9970-7e7dd856b0c3.jpeg
Adopt our Miko,https://images.t2u.io/upload/event/section/050315a8-3985-49a4-8363-1f526119a894.jpeg
Adopt our White Tiger,https://images.t2u.io/upload/event/section/742b840f-5889-4658-9668-506ec024d9f5.jpg
Adopt our Dash,https://images.t2u.io/upload/event/section/be63bd3f-86f1-4f56-b310-64a87ca7954a.jpeg
Adopt our Panjang,https://images.t2u.io/upload/event/section/de35657b-304a-4fb4-8669-975374e13d83.jpg
Adopt our Yellow,https://images.t2u.io/upload/event/section/f871cbd0-247e-4290-93ab-1b3ef144ea9c.jpeg
Adopt our Mango,https://images.t2u.io/upload/event/section/11b18398-8e27-49d7-a123-6db882ea6825.jpeg
Adopt our Giraffe,https://images.t2u.io/upload/event/section/2a66a05d-4d90-420b-ab48-c6bacece1eea.jpg
Adopt our Samba,https://images.t2u.io/upload/event/section/dfc972bb-57f5-4608-bc83-3b1217df7f4d.jpg
Adopt our Choki,https://images.t2u.io/upload/event/section/61303ada-adea-4f99-8256-7993193fbc78.jpg
Adopt our Max,https://images.t2u.io/upload/event/section/c4010721-fe6b-4526-a106-913e378de0a9.jpeg
Adopt our Ben,https://images.t2u.io/upload/event/section/8433ddc7-08fb-485d-ade8-dab9df4954a0.jpg
Adopt our Omi,https://images.t2u.io/upload/event/section/55308b3d-0f10-41da-b6da-b037b0d868eb.jpg
Adopt our Scarface,https://images.t2u.io/upload/event/section/8d63c8ec-9369-4835-bc6a-ec2080d8186b.jpg
Adopt our Penguins,https://images.t2u.io/upload/event/section/69620bd7-eae1-416b-9478-e7862b2c612b.jpg
Adopt our Sibol,https://images.t2u.io/upload/event/section/e2a14ae7-94df-458d-af1e-ec9f66800eb6.jpg
Adopt our Lela,https://images.t2u.io/upload/event/section/adfd9c9e-81f1-47ad-b10b-6e4c6c766d99.jpeg
Adopt our Jessy,https://images.t2u.io/upload/event/section/d2c24fd3-9166-418f-aa70-7acd4a91debd.jpg
Adopt our YiYi,https://images.t2u.io/upload/event/section/36ff0369-b48f-4fd4-ade0-9237b44fa59c.jpg
Adopt our Romeo,https://images.t2u.io/upload/event/section/9965e809-64b0-4039-9abc-beff5414bb01.jpeg
Adopt our Kiki,https://images.t2u.io/upload/event/section/e5ecdb74-40aa-4902-b0f2-57cea48e36c4.jpeg
Adopt our Peacock,https://images.t2u.io/upload/event/section/75f88652-8710-4fc2-81f8-88a288a451a1.jpeg
Adopt Our Kenyalang,https://images.t2u.io/upload/event/section/01327296-7b5c-4a4a-a736-32cf00d1f2f5.jpeg
Adopt our Jenny,https://images.t2u.io/upload/event/section/7eea9940-eb40-4bcd-bde5-28ef02e33fa4.jpeg
Adopt our Capybaras,https://images.t2u.io/upload/event/section/376dd171-865c-45f0-a611-a164f94293c3.jpeg
Adopt our Otter,https://images.t2u.io/upload/event/section/cf89df63-0abb-49a0-bcf9-17ad5b0bd125.jpeg
Adopt our Bornean Horned Frog,https://images.t2u.io/upload/event/section/2e8822cc-aad4-41ea-8ed4-a8a9663af788.jpg
Adopt our Stag Beetle,https://images.t2u.io/upload/event/section/db042602-152f-4755-8114-62a107c0d444.jpeg
